Company,Year,Total Revenue,Net Income,Total Assets,Total Liabilities,Cash Flow from Operating Activities
Microsoft,2023,211915,72361,411976,205753,87582
Microsoft,2024,245122,88136,512163,243686,118548
Microsoft,2025,278000,98000,580000,270000,125000
Tesla,2023,96773,14997,106618,43009,13256
Tesla,2024,97690,7153,122070,48390,14923
Tesla,2025,105000,8500,135000,52000,16000
Apple,2023,383285,96995,352583,290437,110543
Apple,2024,391035,93736,364980,308030,118264
Apple,2025,410000,100000,380000,315000,125000
